,decade,title,author,act,normalizedGenre,numOfSpeakersMale,numOfSpeakersFemale,numOfActs,meanNEUTRAL,meanPOSITIVE,meanNEGATIVE,meanSKIP,meanSPEECH,countNEUTRAL,countPOSITIVE,countNEGATIVE,countSKIP,countSPEECH,avg_text_len,totalCOUNT,percentNEUTRAL,percentPOSITIVE,percentNEGATIVE,percentSKIP,percentSPEECH
0,1740,Гамлет,Сумароков,1,Tragedy,6,4,5,0.711769092414114,,0.769999969005585,0.623334953561425,,18,0,10,16,0,247.795454545455,44,40.9090909090909,0,22.7272727272727,36.3636363636364,0
1,1740,Гамлет,Сумароков,2,Tragedy,6,4,5,0.786188727617264,0.390825241804123,0.581052184104919,0.630168254176776,,10,1,4,12,0,368.740740740741,27,37.037037037037,3.7037037037037,14.8148148148148,44.4444444444444,0
2,1740,Гамлет,Сумароков,3,Tragedy,6,4,5,0.701543124185668,,0.646273681095668,0.656181578834852,,18,0,14,24,0,217.303571428571,56,32.1428571428572,0,25,42.8571428571429,0
3,1740,Гамлет,Сумароков,4,Tragedy,6,4,5,0.868297606706619,,0.716945052146912,0.666986801226934,,4,0,6,15,0,321.88,25,16,0,24,60,0
4,1740,Гамлет,Сумароков,5,Tragedy,6,4,5,0.686318073421717,0.534067749977112,0.800970224233774,0.641100057297283,,8,1,13,18,0,318.575,40,20,2.5,32.5,45,0
5,1740,Хорев,Сумароков,1,Tragedy,10,2,5,0.603915955339159,0.736330151557922,0.752144400562559,0.621298736647556,,7,1,7,19,0,304,34,20.5882352941176,2.94117647058824,20.5882352941176,55.8823529411765,0
6,1740,Хорев,Сумароков,2,Tragedy,10,2,5,0.714777195139935,,0.683340420325597,0.560513461177999,,19,0,6,11,0,266.055555555556,36,52.7777777777778,0,16.6666666666667,30.5555555555556,0
7,1740,Хорев,Сумароков,3,Tragedy,10,2,5,0.795491955497048,,0.72492309473455,0.675778431551797,,11,0,16,14,0,177.219512195122,41,26.8292682926829,0,39.0243902439024,34.1463414634146,0
8,1740,Хорев,Сумароков,4,Tragedy,10,2,5,0.757392877712846,,0.657939351522006,0.56961870544097,,16,0,13,17,0,253.717391304348,46,34.7826086956522,0,28.2608695652174,36.9565217391304,0
9,1740,Хорев,Сумароков,5,Tragedy,10,2,5,0.812717173248529,0.861485024293264,0.721335418084089,0.611266020271513,,8,3,17,18,0,183.913043478261,46,17.3913043478261,6.52173913043478,36.9565217391304,39.1304347826087,0
10,1750,Артистона,Сумароков,1,Tragedy,7,4,5,0.73341104388237,0.455723822116852,0.778848722577095,0.5929092749169,,18,1,14,19,0,220.461538461539,52,34.6153846153846,1.92307692307692,26.9230769230769,36.5384615384615,0
11,1750,Артистона,Сумароков,2,Tragedy,7,4,5,0.773149622811212,0.585929274559021,0.741577405678599,0.619424623747667,,18,1,19,12,0,243.98,50,36,2,38,24,0
12,1750,Артистона,Сумароков,3,Tragedy,7,4,5,0.648247466484706,0.837411642074585,0.642461821436882,0.628135353326798,,15,1,8,19,0,248.441860465116,43,34.8837209302326,2.32558139534884,18.6046511627907,44.1860465116279,0
13,1750,Артистона,Сумароков,4,Tragedy,7,4,5,0.818398537544104,0.675073623657227,0.746978288347071,0.586297288537026,,13,1,11,8,0,232.121212121212,33,39.3939393939394,3.03030303030303,33.3333333333333,24.2424242424242,0
14,1750,Артистона,Сумароков,5,Tragedy,7,4,5,0.727683547884226,0.714803612232208,0.770693162625486,0.618701463467197,,24,5,22,38,0,154.640449438202,89,26.9662921348315,5.61797752808989,24.7191011235955,42.6966292134831,0
18,1750,Демофонт,Ломоносов,1,Tragedy,5,3,5,0.670730269872225,0.412396639585495,0.729052972793579,0.618890286846594,,13,1,5,22,0,288.219512195122,41,31.7073170731707,2.4390243902439,12.1951219512195,53.6585365853659,0
19,1750,Демофонт,Ломоносов,2,Tragedy,5,3,5,0.683567686378956,0.772962152957916,0.808807558483548,0.627791172514359,,20,2,9,24,0,274.836363636364,55,36.3636363636364,3.63636363636364,16.3636363636364,43.6363636363636,0
20,1750,Демофонт,Ломоносов,3,Tragedy,5,3,5,0.67816535347984,0.821428418159485,0.746945338323712,0.613681185245514,0.902001082897186,21,2,16,15,1,194,55,38.1818181818182,3.63636363636364,29.0909090909091,27.2727272727273,1.81818181818182
21,1750,Демофонт,Ломоносов,4,Tragedy,5,3,5,0.706747369332747,,0.701631608334455,0.606339308950636,,11,0,11,9,0,356.58064516129,31,35.4838709677419,0,35.4838709677419,29.0322580645161,0
22,1750,Демофонт,Ломоносов,5,Tragedy,5,3,5,0.825003962767752,,0.773288726806641,0.595824360847473,,19,0,27,11,0,180.473684210526,57,33.3333333333333,0,47.3684210526316,19.2982456140351,0
24,1750,Семира,Сумароков,1,Tragedy,8,2,5,0.740343037706155,,0.674078963696957,0.599498491538198,,26,0,8,19,0,207.867924528302,53,49.0566037735849,0,15.0943396226415,35.8490566037736,0
25,1750,Семира,Сумароков,2,Tragedy,8,2,5,0.703741143941879,0.824195921421051,0.785240496907915,0.629595446917746,,25,2,21,18,0,187.757575757576,66,37.8787878787879,3.03030303030303,31.8181818181818,27.2727272727273,0
26,1750,Семира,Сумароков,3,Tragedy,8,2,5,0.720869032045206,,0.733716242370151,0.584340861688058,,12,0,21,24,0,227.035087719298,57,21.0526315789474,0,36.8421052631579,42.1052631578947,0
27,1750,Семира,Сумароков,4,Tragedy,8,2,5,0.755821451544762,,0.718382991022534,0.624901449680328,,24,0,18,25,0,176.149253731343,67,35.8208955223881,0,26.8656716417911,37.3134328358209,0
28,1750,Семира,Сумароков,5,Tragedy,8,2,5,0.804736405611038,0.675930187106133,0.816309540044694,0.610697372754415,,12,4,21,15,0,171.826923076923,52,23.0769230769231,7.69230769230769,40.3846153846154,28.8461538461538,0
29,1750,Синав и Трувор,Сумароков,1,Tragedy,5,1,5,0.761494741491649,0.578595042228699,0.76118391752243,0.6521233689785,,23,2,11,25,0,182.049180327869,61,37.7049180327869,3.27868852459016,18.0327868852459,40.9836065573771,0
30,1750,Синав и Трувор,Сумароков,2,Tragedy,5,1,5,0.673020909229914,0.94734400510788,0.693879615515471,0.671411604682605,,6,1,8,30,0,240.288888888889,45,13.3333333333333,2.22222222222222,17.7777777777778,66.6666666666667,0
31,1750,Синав и Трувор,Сумароков,3,Tragedy,5,1,5,0.718758857250214,0.893167734146118,0.728415083885193,0.68540466427803,,15,1,15,30,0,170.573770491803,61,24.5901639344262,1.63934426229508,24.5901639344262,49.1803278688525,0
32,1750,Синав и Трувор,Сумароков,4,Tragedy,5,1,5,0.757236652076244,,0.812717189391454,0.68373700801064,,8,0,12,17,0,244.324324324324,37,21.6216216216216,0,32.4324324324324,45.945945945946,0
33,1750,Синав и Трувор,Сумароков,5,Tragedy,5,1,5,0.814441826194525,,0.775098738345233,0.667805516057544,,16,0,11,9,0,255.75,36,44.4444444444444,0,30.5555555555556,25,0
35,1750,Тамира и Селим,Ломоносов,1,Tragedy,8,2,5,0.690614723107394,0.842315942049027,0.93314528465271,0.581045799530469,,17,2,2,13,0,382.176470588235,34,50,5.88235294117647,5.88235294117647,38.2352941176471,0
36,1750,Тамира и Селим,Ломоносов,2,Tragedy,8,2,5,0.709049890438716,0.633529037237167,0.783936560153961,0.652057023985045,,15,2,3,14,0,349.970588235294,34,44.1176470588235,5.88235294117647,8.82352941176471,41.1764705882353,0
37,1750,Тамира и Селим,Ломоносов,3,Tragedy,8,2,5,0.718001795666558,0.665053188800812,0.745018616318703,0.608535346530733,,14,2,4,21,0,282.414634146342,41,34.1463414634146,4.87804878048781,9.75609756097561,51.219512195122,0
38,1750,Тамира и Селим,Ломоносов,4,Tragedy,8,2,5,0.664553378116001,0.826290488243103,0.75291585651311,0.5952401359876,,22,2,11,12,0,245.723404255319,47,46.8085106382979,4.25531914893617,23.4042553191489,25.531914893617,0
39,1750,Тамира и Селим,Ломоносов,5,Tragedy,8,2,5,0.59164449301633,0.84892121553421,0.779316367847579,0.656507096120289,0.422058403491974,11,5,14,21,1,238.75,52,21.1538461538462,9.61538461538462,26.9230769230769,40.3846153846154,1.92307692307692
44,1760,Агриопа,Майков,1,Tragedy,6,2,5,0.753616380904402,0.540416836738586,0.750213265419006,0.64476987057262,,28,1,9,18,0,199.857142857143,56,50,1.78571428571429,16.0714285714286,32.1428571428572,0
45,1760,Агриопа,Майков,2,Tragedy,6,2,5,0.737872905022389,,0.769187101951012,0.605242841773563,,37,0,13,27,0,144.519480519481,77,48.0519480519481,0,16.8831168831169,35.0649350649351,0
46,1760,Агриопа,Майков,3,Tragedy,6,2,5,0.737791610175166,0.715489308039347,0.698869917127821,0.582374725076887,,29,3,9,18,0,175.677966101695,59,49.1525423728814,5.08474576271187,15.2542372881356,30.5084745762712,0
47,1760,Агриопа,Майков,4,Tragedy,6,2,5,0.736854730546474,0.771942973136902,0.744443000853062,0.604943205328549,,20,2,20,17,0,187.847457627119,59,33.8983050847458,3.38983050847458,33.8983050847458,28.8135593220339,0
48,1760,Агриопа,Майков,5,Tragedy,6,2,5,0.845698869228363,0.749401465058327,0.804471515119076,0.644862361749013,0.920767366886139,15,4,20,15,1,134.581818181818,55,27.2727272727273,7.27272727272727,36.3636363636364,27.2727272727273,1.81818181818182
49,1760,Дидона,Княжнин,1,Tragedy,6,3,5,0.727221786975861,0.745280027389526,0.79625440761447,0.720939382201149,,9,4,8,21,0,288.452380952381,42,21.4285714285714,9.52380952380952,19.0476190476191,50,0
50,1760,Дидона,Княжнин,2,Tragedy,6,3,5,0.688135115163667,,0.753224298357964,0.607187859217326,,14,0,4,15,0,304.090909090909,33,42.4242424242424,0,12.1212121212121,45.4545454545455,0
51,1760,Дидона,Княжнин,3,Tragedy,6,3,5,0.706385130683581,0.807427525520325,0.696738475561142,0.67509722534348,,12,2,5,17,0,249.75,36,33.3333333333333,5.55555555555556,13.8888888888889,47.2222222222222,0
52,1760,Дидона,Княжнин,4,Tragedy,6,3,5,0.752252232460749,0.870479702949524,0.741181455055873,0.630312651395798,,21,2,15,26,0,218.328125,64,32.8125,3.125,23.4375,40.625,0
53,1760,Дидона,Княжнин,5,Tragedy,6,3,5,0.65843124439319,0.994839012622833,0.749847397992486,0.660858002992777,,12,1,19,13,0,254,45,26.6666666666667,2.22222222222222,42.2222222222222,28.8888888888889,0
58,1760,Пламена,Херасков,1,Tragedy,12,2,5,0.647826248093655,0.643598951399326,0.761586571733157,0.595808733999729,,19,4,12,20,0,246.236363636364,55,34.5454545454546,7.27272727272727,21.8181818181818,36.3636363636364,0
59,1760,Пламена,Херасков,2,Tragedy,12,2,5,0.753726962804794,0.726548135280609,0.767436964644326,0.633944156495008,,25,2,18,22,0,176.731343283582,67,37.3134328358209,2.98507462686567,26.8656716417911,32.8358208955224,0
60,1760,Пламена,Херасков,3,Tragedy,12,2,5,0.761863305612847,0.807642817497253,0.76439680159092,0.657003288990573,,27,3,22,38,0,154.511111111111,90,30,3.33333333333333,24.4444444444444,42.2222222222222,0
61,1760,Пламена,Херасков,4,Tragedy,12,2,5,0.743327744801839,0.90310537815094,0.742702823132277,0.591278489517129,,15,1,24,23,0,183.888888888889,63,23.8095238095238,1.58730158730159,38.0952380952381,36.5079365079365,0
62,1760,Пламена,Херасков,5,Tragedy,12,2,5,0.714051117067752,,0.807119092770985,0.644508227705956,,23,0,21,16,0,156.3,60,38.3333333333333,0,35,26.6666666666667,0
63,1770,Бригадир,Фонвизин,1,Comedy,5,3,5,0.802682101056817,0.920650291442871,0.767856821417809,0.596751677267479,0.863651156425476,89,15,18,33,3,109.46835443038,158,56.3291139240506,9.49367088607595,11.3924050632911,20.8860759493671,1.89873417721519
64,1770,Бригадир,Фонвизин,2,Comedy,5,3,5,0.80712553768447,0.792718681693077,0.782879093114068,0.625328766611906,,66,10,17,26,0,106.268907563025,119,55.4621848739496,8.40336134453782,14.2857142857143,21.8487394957983,0
65,1770,Бригадир,Фонвизин,3,Comedy,5,3,5,0.851750608700425,0.868878331035376,0.773396962029593,0.614774808287621,0.463220536708832,67,8,35,20,1,94.4885496183206,131,51.1450381679389,6.10687022900763,26.7175572519084,15.2671755725191,0.763358778625954
66,1770,Бригадир,Фонвизин,4,Comedy,5,3,5,0.830355482959302,0.789227657020092,0.79760633294399,0.674893861397719,,107,8,26,39,0,77.1611111111111,180,59.4444444444444,4.44444444444445,14.4444444444444,21.6666666666667,0
67,1770,Бригадир,Фонвизин,5,Comedy,5,3,5,0.828139360036169,0.81313149134318,0.742458654486615,0.6828036965995,0.558783769607544,70,6,23,29,1,70.984496124031,129,54.2635658914729,4.65116279069768,17.8294573643411,22.4806201550388,0.775193798449612
69,1770,Димитрий Самозванец,Сумароков,1,Tragedy,5,1,5,0.730067457807691,0.542593538761139,0.827078786763278,0.585383801162243,,38,1,11,20,0,136.5,70,54.2857142857143,1.42857142857143,15.7142857142857,28.5714285714286,0
70,1770,Димитрий Самозванец,Сумароков,2,Tragedy,5,1,5,0.812571746110916,0.8179612159729,0.854432731866837,0.658165293435256,,10,2,10,12,0,232.911764705882,34,29.4117647058824,5.88235294117647,29.4117647058824,35.2941176470588,0
71,1770,Димитрий Самозванец,Сумароков,3,Tragedy,5,1,5,0.732437348614136,0.827463030815125,0.779350586235523,0.647502559754584,0.848496437072754,24,3,4,18,1,213,50,48,6,8,36,2
72,1770,Димитрий Самозванец,Сумароков,4,Tragedy,5,1,5,0.764463293055693,0.774174511432648,0.762358726312717,0.58918482263883,,24,5,24,15,0,128.279411764706,68,35.2941176470588,7.35294117647059,35.2941176470588,22.0588235294118,0
73,1770,Димитрий Самозванец,Сумароков,5,Tragedy,5,1,5,0.600145228207111,0.989469766616821,0.7687524497509,0.642721022168795,0.902000844478607,4,1,5,12,1,186.304347826087,23,17.3913043478261,4.34782608695652,21.7391304347826,52.1739130434783,4.34782608695652
77,1770,Ольга,Княжнин,1,Tragedy,5,2,5,0.62692603468895,,0.645871241887411,0.587740884107702,,16,0,6,17,0,451.846153846154,39,41.025641025641,0,15.3846153846154,43.5897435897436,0
78,1770,Ольга,Княжнин,2,Tragedy,5,2,5,0.689755138122674,0.835859417915344,0.842337187131246,0.631094814642616,,33,3,15,23,0,188.594594594595,74,44.5945945945946,4.05405405405405,20.2702702702703,31.0810810810811,0
79,1770,Ольга,Княжнин,3,Tragedy,5,2,5,0.798981982308465,0.445240249236425,0.786885447543243,0.638662587512623,,37,3,29,33,0,120.647058823529,102,36.2745098039216,2.94117647058824,28.4313725490196,32.3529411764706,0
80,1770,Ольга,Княжнин,4,Tragedy,5,2,5,0.785980037667535,0.805015176534653,0.787790349938653,0.615850304302416,,22,2,11,19,0,192.240740740741,54,40.7407407407407,3.7037037037037,20.3703703703704,35.1851851851852,0
81,1770,Ольга,Княжнин,5,Tragedy,5,2,5,0.718599652702158,0.430156230926514,0.912930846214294,0.622914977371693,,11,1,5,20,0,305.621621621622,37,29.7297297297297,2.7027027027027,13.5135135135135,54.0540540540541,0
82,1770,Фемист и Иеронима,Майков,1,Tragedy,5,1,5,0.727810176519247,,0.699036081631978,0.578124552965164,,26,0,9,18,0,272.150943396226,53,49.0566037735849,0,16.9811320754717,33.9622641509434,0
83,1770,Фемист и Иеронима,Майков,2,Tragedy,5,1,5,0.671049684286118,,0.751516752772861,0.560356259346008,,12,0,9,11,0,307.75,32,37.5,0,28.125,34.375,0
84,1770,Фемист и Иеронима,Майков,3,Tragedy,5,1,5,0.672367561321992,0.65317839384079,0.691232442855835,0.568378627300263,0.902001082897186,13,1,7,16,1,251.052631578947,38,34.2105263157895,2.63157894736842,18.421052631579,42.1052631578947,2.63157894736842
85,1770,Фемист и Иеронима,Майков,4,Tragedy,5,1,5,0.829359088341395,0.633131206035614,0.816908332017752,0.622487723827362,,15,1,13,16,0,189.933333333333,45,33.3333333333333,2.22222222222222,28.8888888888889,35.5555555555556,0
86,1770,Фемист и Иеронима,Майков,5,Tragedy,5,1,5,0.734378108978272,0.711701214313507,0.77177205240285,0.607583071697842,0.612481594085693,25,1,27,22,1,123.763157894737,76,32.8947368421053,1.31578947368421,35.5263157894737,28.9473684210526,1.31578947368421
89,1780,Из жизни Рюрика,ЕкатеринаII,1,NotStated,21,2,5,0.880165545713334,0.790791243314743,0.660517474015554,0.508832536637783,,42,2,3,4,0,123.666666666667,51,82.3529411764706,3.92156862745098,5.88235294117647,7.84313725490196,0
90,1780,Из жизни Рюрика,ЕкатеринаII,2,NotStated,21,2,5,0.828910091748604,0.926900255680084,0.822092533111572,0.554764725267887,,39,5,2,4,0,144.58,50,78,10,4,8,0
91,1780,Из жизни Рюрика,ЕкатеринаII,3,NotStated,21,2,5,0.866765293810103,0.644122630357742,0.528194338083267,0.601014137268066,,45,2,2,2,0,123.117647058824,51,88.2352941176471,3.92156862745098,3.92156862745098,3.92156862745098,0
92,1780,Из жизни Рюрика,ЕкатеринаII,4,NotStated,21,2,5,0.888553755813175,0.732307605445385,0.523490369319916,0.558562025427818,,45,4,2,2,0,101.962264150943,53,84.9056603773585,7.54716981132076,3.77358490566038,3.77358490566038,0
93,1780,Из жизни Рюрика,ЕкатеринаII,5,NotStated,21,2,5,0.869221320075373,0.699756642182668,0.829806447029114,0.56025530397892,,31,3,2,2,0,124.315789473684,38,81.5789473684211,7.89473684210526,5.26315789473684,5.26315789473684,0
94,1780,Недоросль,Фонвизин,1,Comedy,12,3,5,0.816534124648393,0.913766622543335,0.773203386863073,0.688896266550853,0.997624456882477,67,6,15,29,1,93.2881355932203,118,56.7796610169492,5.08474576271187,12.7118644067797,24.5762711864407,0.847457627118644
95,1780,Недоросль,Фонвизин,2,Comedy,12,3,5,0.837810993553644,0.846914792060852,0.876366620063782,0.646647247340944,0.850010573863983,83,5,25,45,2,91.84375,160,51.875,3.125,15.625,28.125,1.25
96,1780,Недоросль,Фонвизин,3,Comedy,12,3,5,0.822520778849234,0.870897268255552,0.789529368281364,0.700424745462943,,153,12,32,69,0,86.1015037593985,266,57.5187969924812,4.51127819548872,12.0300751879699,25.9398496240602,0
97,1780,Недоросль,Фонвизин,4,Comedy,12,3,5,0.864271231154178,0.848961832194493,0.797053474932909,0.621849284452551,0.876113474369049,141,29,16,17,1,113.093137254902,204,69.1176470588235,14.2156862745098,7.84313725490196,8.33333333333333,0.490196078431373
98,1780,Недоросль,Фонвизин,5,Comedy,12,3,5,0.834591928869486,0.885521799325943,0.787165030323226,0.704219890137514,0.86005449295044,96,8,29,24,5,66.2345679012346,162,59.2592592592593,4.93827160493827,17.9012345679012,14.8148148148148,3.08641975308642
110,1780,Росслав,Княжнин,1,Tragedy,5,1,5,0.742209174062895,0.892039954662323,0.820831576983134,0.650139393409093,,23,3,9,30,0,255.923076923077,65,35.3846153846154,4.61538461538462,13.8461538461539,46.1538461538462,0
111,1780,Росслав,Княжнин,2,Tragedy,5,1,5,0.699810945673993,,0.779041945934296,0.621968271101222,,38,0,7,17,0,204.596774193548,62,61.2903225806452,0,11.2903225806452,27.4193548387097,0
112,1780,Росслав,Княжнин,3,Tragedy,5,1,5,0.788624069175205,0.913914024829865,0.749586169208799,0.608350169844925,0.937000155448914,37,2,14,32,1,158.569767441861,86,43.0232558139535,2.32558139534884,16.2790697674419,37.2093023255814,1.16279069767442
113,1780,Росслав,Княжнин,4,Tragedy,5,1,5,0.852344531904567,0.781890287995338,0.690718305962426,0.627972531777162,,11,4,14,13,0,258.380952380952,42,26.1904761904762,9.52380952380952,33.3333333333333,30.952380952381,0
114,1780,Росслав,Княжнин,5,Tragedy,5,1,5,0.666381253437562,0.916288167238236,0.760978898581337,0.62025854342124,,11,2,17,17,0,240.170212765957,47,23.4042553191489,4.25531914893617,36.1702127659575,36.1702127659575,0
115,1780,Самолюбивый стихотворец,Николев,1,Comedy,6,2,5,0.840111997796268,0.765349817276001,0.830854228801198,0.595263456304868,,82,5,54,24,0,91.6666666666667,165,49.6969696969697,3.03030303030303,32.7272727272727,14.5454545454545,0
116,1780,Самолюбивый стихотворец,Николев,2,Comedy,6,2,5,0.830890476386598,0.76851886510849,0.779270843484185,0.640577186237682,0.967967947324117,94,3,55,44,3,66.1105527638191,199,47.2361809045226,1.50753768844221,27.6381909547739,22.1105527638191,1.50753768844221
117,1780,Самолюбивый стихотворец,Николев,3,Comedy,6,2,5,0.814585625794199,0.797605216503143,0.824298164602053,0.628309696912766,,90,7,59,28,0,92.1195652173913,184,48.9130434782609,3.80434782608696,32.0652173913043,15.2173913043478,0
118,1780,Самолюбивый стихотворец,Николев,4,Comedy,6,2,5,0.816608104212531,0.913600921630859,0.770489164590836,0.579820684024266,,29,1,25,14,0,159.101449275362,69,42.0289855072464,1.44927536231884,36.231884057971,20.2898550724638,0
119,1780,Самолюбивый стихотворец,Николев,5,Comedy,6,2,5,0.843517157850386,0.872837015560695,0.846623433629672,0.65058874686559,0.851031869649887,79,14,30,30,2,75.0193548387097,155,50.9677419354839,9.03225806451613,19.3548387096774,19.3548387096774,1.29032258064516
121,1780,Тоисиоков,Дашкова,1,Comedy,7,4,5,0.793853156268597,0.848776185512543,0.689379297196865,0.651225177865279,0.973549405733744,40,5,12,19,3,126.253164556962,79,50.6329113924051,6.32911392405063,15.1898734177215,24.0506329113924,3.79746835443038
122,1780,Тоисиоков,Дашкова,2,Comedy,7,4,5,0.813219035799439,0.941540777683258,0.736436188220978,0.63719009827165,,37,2,8,17,0,162.3125,64,57.8125,3.125,12.5,26.5625,0
123,1780,Тоисиоков,Дашкова,3,Comedy,7,4,5,0.777723770588636,0.676851704716682,0.833496681281499,0.585933035612106,,16,2,7,10,0,130.514285714286,35,45.7142857142857,5.71428571428571,20,28.5714285714286,0
124,1780,Тоисиоков,Дашкова,4,Comedy,7,4,5,0.850713322802288,0.884060084819794,0.767030362039805,0.748547179003557,,41,6,16,24,0,72.9310344827586,87,47.1264367816092,6.89655172413793,18.3908045977012,27.5862068965517,0
125,1780,Тоисиоков,Дашкова,5,Comedy,7,4,5,0.787146170169879,0.763020694255829,0.838521944625037,0.665597785796438,0.711486011743546,39,5,14,14,2,114.986486486487,74,52.7027027027027,6.75675675675676,18.9189189189189,18.9189189189189,2.7027027027027
128,1780,Хвастун,Княжнин,1,Comedy,8,3,5,0.835644672898685,0.719428025186062,0.808501093433453,0.624650908261538,0.870411554972331,136,8,26,40,3,81.9906103286385,213,63.849765258216,3.75586854460094,12.2065727699531,18.7793427230047,1.40845070422535
129,1780,Хвастун,Княжнин,2,Comedy,8,3,5,0.824627239658282,0.82159224525094,0.748228995381175,0.597893665495672,0.98799455165863,130,16,37,38,1,75.5,222,58.5585585585586,7.20720720720721,16.6666666666667,17.1171171171171,0.450450450450451
130,1780,Хвастун,Княжнин,3,Comedy,8,3,5,0.794070935911603,0.722210208574931,0.803236629004064,0.61091377611818,,99,6,46,29,0,96.1,180,55,3.33333333333333,25.5555555555556,16.1111111111111,0
131,1780,Хвастун,Княжнин,4,Comedy,8,3,5,0.852772554363867,0.844407021999359,0.828903293923328,0.594908146347318,,99,6,38,35,0,86.7865168539326,178,55.6179775280899,3.37078651685393,21.3483146067416,19.6629213483146,0
132,1780,Хвастун,Княжнин,5,Comedy,8,3,5,0.835472702980042,0.858622872829437,0.781324665515851,0.635868199493574,,121,5,39,23,0,77.4095744680851,188,64.3617021276596,2.65957446808511,20.7446808510638,12.2340425531915,0
133,1790,Вадим Новгородский,Княжнин,1,Tragedy,5,2,5,0.650018560886383,0.933746755123138,0.873770505189896,0.65176494717598,,10,1,2,10,0,444.391304347826,23,43.4782608695652,4.34782608695652,8.69565217391304,43.4782608695652,0
134,1790,Вадим Новгородский,Княжнин,2,Tragedy,5,2,5,0.736574451128642,0.960806667804718,0.654222275529589,0.602966678413478,,9,1,7,22,0,437.025641025641,39,23.0769230769231,2.56410256410256,17.948717948718,56.4102564102564,0
135,1790,Вадим Новгородский,Княжнин,3,Tragedy,5,2,5,0.747973095286976,,0.694695442914963,0.571407899260521,,11,0,11,12,0,317.647058823529,34,32.3529411764706,0,32.3529411764706,35.2941176470588,0
136,1790,Вадим Новгородский,Княжнин,4,Tragedy,5,2,5,0.666758835315704,,0.751132115721703,0.5923186759154,,6,0,8,15,0,369.137931034483,29,20.6896551724138,0,27.5862068965517,51.7241379310345,0
137,1790,Вадим Новгородский,Княжнин,5,Tragedy,5,2,5,0.628664276003838,0.460932493209839,0.788260329853405,0.688963843716515,,10,1,11,9,0,408.032258064516,31,32.258064516129,3.2258064516129,35.4838709677419,29.0322580645161,0
140,1790,Освобожденная Москва,Херасков,1,Tragedy,18,3,5,0.778348912795385,0.400432705879211,0.614533975720406,0.537182013193766,0.525977730751038,36,1,6,18,1,285.08064516129,62,58.0645161290323,1.61290322580645,9.67741935483871,29.0322580645161,1.61290322580645
141,1790,Освобожденная Москва,Херасков,2,Tragedy,18,3,5,0.687737678226672,0.87885507941246,0.759441348910332,0.593718606492747,,19,2,10,23,0,197.259259259259,54,35.1851851851852,3.7037037037037,18.5185185185185,42.5925925925926,0
142,1790,Освобожденная Москва,Херасков,3,Tragedy,18,3,5,0.748681932687759,0.761604592204094,0.817588068785206,0.631614113046277,,63,8,31,31,0,161.075187969925,133,47.3684210526316,6.01503759398496,23.3082706766917,23.3082706766917,0
143,1790,Освобожденная Москва,Херасков,4,Tragedy,18,3,5,0.760944059779567,0.858264327049255,0.874075442552567,0.631496961997903,,31,1,13,23,0,208.338235294118,68,45.5882352941176,1.47058823529412,19.1176470588235,33.8235294117647,0
144,1790,Освобожденная Москва,Херасков,5,Tragedy,18,3,5,0.665071381972386,0.423001348972321,0.83878716138693,0.683626545800103,,13,1,13,18,0,159.266666666667,45,28.8888888888889,2.22222222222222,28.8888888888889,40,0
145,1790,Проказники,Крылов,1,Comedy,6,4,5,0.803919240508391,0.856097805500031,0.740281136333942,0.611365845799446,0.574099858601888,92,5,40,30,3,101.582352941177,170,54.1176470588235,2.94117647058824,23.5294117647059,17.6470588235294,1.76470588235294
146,1790,Проказники,Крылов,2,Comedy,6,4,5,0.809821406097123,0.838113642732302,0.79395770629247,0.640698891992752,,132,30,30,52,0,89.0983606557377,244,54.0983606557377,12.2950819672131,12.2950819672131,21.3114754098361,0
147,1790,Проказники,Крылов,3,Comedy,6,4,5,0.846478788291707,0.836443508926191,0.765433992580934,0.645217510561148,,102,19,55,60,0,73.9533898305085,236,43.2203389830509,8.05084745762712,23.3050847457627,25.4237288135593,0
148,1790,Проказники,Крылов,4,Comedy,6,4,5,0.795603952268614,0.626656691233317,0.751177190492551,0.670684397804971,0.976345598697662,137,6,48,51,1,87.1646090534979,243,56.3786008230453,2.46913580246914,19.7530864197531,20.9876543209877,0.411522633744856
149,1790,Проказники,Крылов,5,Comedy,6,4,5,0.830281984753313,0.805907040834427,0.807103419433469,0.605567345306987,0.574534118175507,113,10,46,42,1,83.1792452830189,212,53.3018867924528,4.71698113207547,21.6981132075472,19.811320754717,0.471698113207547
150,1790,Филомела,Крылов,1,Tragedy,5,2,5,0.862609858696277,0.715707182884216,0.812657499685884,0.634587611470904,,13,1,16,21,0,247.627450980392,51,25.4901960784314,1.96078431372549,31.3725490196078,41.1764705882353,0
151,1790,Филомела,Крылов,2,Tragedy,5,2,5,0.723541367799044,0.883122742176056,0.737528013146442,0.587084752321243,,8,2,23,15,0,328.333333333333,48,16.6666666666667,4.16666666666667,47.9166666666667,31.25,0
152,1790,Филомела,Крылов,3,Tragedy,5,2,5,0.813330451647441,,0.793926869568072,0.559867623906869,,3,0,19,26,0,286.458333333333,48,6.25,0,39.5833333333333,54.1666666666667,0
153,1790,Филомела,Крылов,4,Tragedy,5,2,5,0.71562973856926,,0.721323582686876,0.613859385251999,,5,0,19,9,0,228.787878787879,33,15.1515151515152,0,57.5757575757576,27.2727272727273,0
154,1790,Филомела,Крылов,5,Tragedy,5,2,5,0.655272523562113,,0.710384652895086,0.561173839228494,,3,0,17,7,0,337.222222222222,27,11.1111111111111,0,62.962962962963,25.9259259259259,0
155,1790,Фомушка – бабушкин внучек,Кропотов,1,Comedy,7,3,5,0.857244035974145,0.367876291275024,0.70527503490448,0.65702653995582,,80,1,5,14,0,121.05,100,80,1,5,14,0
156,1790,Фомушка – бабушкин внучек,Кропотов,2,Comedy,7,3,5,0.831480080018873,0.892420738935471,0.722152426838875,0.643703180551529,,46,4,8,10,0,149.985294117647,68,67.6470588235294,5.88235294117647,11.7647058823529,14.7058823529412,0
157,1790,Фомушка – бабушкин внучек,Кропотов,3,Comedy,7,3,5,0.873441197302031,0.7134756843249,0.781380732854207,0.615869444608688,0.814321100711823,46,3,3,20,3,143.96,75,61.3333333333333,4,4,26.6666666666667,4
158,1790,Фомушка – бабушкин внучек,Кропотов,4,Comedy,7,3,5,0.751156174756111,0.662329196929932,0.724235320091248,0.666303683072329,,47,2,15,16,0,155.975,80,58.75,2.5,18.75,20,0
159,1790,Фомушка – бабушкин внучек,Кропотов,5,Comedy,7,3,5,0.753031075994174,0.74325367808342,0.830378316342831,0.666928207874298,,30,2,8,10,0,163.84,50,60,4,16,20,0
160,1790,Чудаки,Княжнин,1,Comedy,11,3,5,0.809854552902357,0.747926399111748,0.811194134950638,0.591424119614419,0.993285566568375,99,10,25,42,2,101.713483146067,178,55.6179775280899,5.61797752808989,14.0449438202247,23.5955056179775,1.12359550561798
161,1790,Чудаки,Княжнин,2,Comedy,11,3,5,0.773146915766928,0.717937062184016,0.763202615082264,0.643848054312371,0.98516700665156,54,9,24,37,3,123.07874015748,127,42.5196850393701,7.08661417322835,18.8976377952756,29.1338582677165,2.36220472440945
162,1790,Чудаки,Княжнин,3,Comedy,11,3,5,0.819418481012591,0.751687659157647,0.859668944744354,0.655243267990508,0.982162564992905,147,18,47,53,2,70.3932584269663,267,55.0561797752809,6.74157303370787,17.6029962546817,19.8501872659176,0.749063670411985
163,1790,Чудаки,Княжнин,4,Comedy,11,3,5,0.809427923947862,0.838999897241592,0.799270597321016,0.611441967579035,,103,6,54,52,0,94,215,47.9069767441861,2.79069767441861,25.1162790697674,24.1860465116279,0
164,1790,Чудаки,Княжнин,5,Comedy,11,3,5,0.847657362453076,0.870974252621333,0.818658148354672,0.659033955207893,0.920175731182098,119,12,47,56,1,84.6042553191489,235,50.6382978723404,5.1063829787234,20,23.8297872340426,0.425531914893617
165,1790,Ябеда,Капнист,1,Comedy,12,3,5,0.85822013583852,0.834910098995481,0.785574187007215,0.57757973245212,0.864828836917877,164,14,36,35,10,86.2007722007722,259,63.3204633204633,5.40540540540541,13.8996138996139,13.5135135135135,3.86100386100386
166,1790,Ябеда,Капнист,2,Comedy,12,3,5,0.860302592101304,0.775904456774394,0.862951758606681,0.619448680253256,0.833720505237579,138,12,29,21,10,64.5,210,65.7142857142857,5.71428571428571,13.8095238095238,10,4.76190476190476
167,1790,Ябеда,Капнист,3,Comedy,12,3,5,0.831509876556886,0.728164636171781,0.789970510100064,0.638360057459321,0.88404921690623,195,13,38,43,3,56.972602739726,292,66.7808219178082,4.45205479452055,13.013698630137,14.7260273972603,1.02739726027397
168,1790,Ябеда,Капнист,4,Comedy,12,3,5,0.778775799132529,0.666253084937731,0.803110836325465,0.610577953358491,0.883254051208496,84,6,37,12,2,109.86524822695,141,59.5744680851064,4.25531914893617,26.2411347517731,8.51063829787234,1.41843971631206
169,1790,Ябеда,Капнист,5,Comedy,12,3,5,0.851168926106766,0.889784298837185,0.811007451443445,0.589879702244486,0.816937764485677,128,12,42,28,3,69.7136150234742,213,60.093896713615,5.63380281690141,19.7183098591549,13.1455399061033,1.40845070422535
170,1800,Димитрий Донской,Озеров,1,Tragedy,8,2,5,0.712438729794129,0.357034862041473,0.690412372350693,0.564476177096367,,23,1,3,12,0,443.461538461539,39,58.974358974359,2.56410256410256,7.69230769230769,30.7692307692308,0
171,1800,Димитрий Донской,Озеров,2,Tragedy,8,2,5,0.771780848503113,0.753162503242493,0.814499284539904,0.654922858757131,,19,2,7,17,0,293.844444444444,45,42.2222222222222,4.44444444444445,15.5555555555556,37.7777777777778,0
172,1800,Димитрий Донской,Озеров,3,Tragedy,8,2,5,0.669855478264037,,0.50618708559445,0.539554603397846,,21,0,7,12,0,376.475,40,52.5,0,17.5,30,0
173,1800,Димитрий Донской,Озеров,4,Tragedy,8,2,5,0.716091472169627,,0.869791916438511,0.624782754480839,,23,0,7,20,0,319.28,50,46,0,14,40,0
174,1800,Димитрий Донской,Озеров,5,Tragedy,8,2,5,0.704355863424448,0.804912894964218,0.824461705982685,0.615295042594274,,26,2,8,15,0,225.803921568628,51,50.9803921568627,3.92156862745098,15.6862745098039,29.4117647058824,0
175,1800,"Ермак, покоритель Сибири",Плавильщиков,1,Tragedy,7,2,5,0.738687584400177,0.529460571706295,0.792856708168984,0.654287341568205,,25,4,8,9,0,344.326086956522,46,54.3478260869565,8.69565217391304,17.3913043478261,19.5652173913044,0
176,1800,"Ермак, покоритель Сибири",Плавильщиков,2,Tragedy,7,2,5,0.795271501876414,0.683348843455315,0.76522202603519,0.616622511545817,,32,10,16,15,0,188.328767123288,73,43.8356164383562,13.6986301369863,21.9178082191781,20.5479452054795,0
177,1800,"Ермак, покоритель Сибири",Плавильщиков,3,Tragedy,7,2,5,0.747946832577388,0.833250015974045,0.778157217936082,0.665259493248803,,15,6,11,14,0,341.521739130435,46,32.6086956521739,13.0434782608696,23.9130434782609,30.4347826086957,0
178,1800,"Ермак, покоритель Сибири",Плавильщиков,4,Tragedy,7,2,5,0.831895883436556,,0.858272389361733,0.584788598120213,,27,0,19,8,0,215.333333333333,54,50,0,35.1851851851852,14.8148148148148,0
179,1800,"Ермак, покоритель Сибири",Плавильщиков,5,Tragedy,7,2,5,0.797774693545173,0.695395916700363,0.807327598333359,0.56801511482759,,17,6,14,11,0,237.166666666667,48,35.4166666666667,12.5,29.1666666666667,22.9166666666667,0
193,1810,Антигона,Капнист,1,Tragedy,5,2,5,0.742684982717037,,0.651653575045722,0.5625716984272,,8,0,7,10,0,430.6,25,32,0,28,40,0
194,1810,Антигона,Капнист,2,Tragedy,5,2,5,0.640616862103343,,0.737563664714495,0.632969532161951,,16,0,12,8,0,351.388888888889,36,44.4444444444444,0,33.3333333333333,22.2222222222222,0
195,1810,Антигона,Капнист,3,Tragedy,5,2,5,0.768958519399166,0.656216114759445,0.758463660875956,0.583649560809135,,20,2,9,6,0,267.567567567568,37,54.0540540540541,5.40540540540541,24.3243243243243,16.2162162162162,0
196,1810,Антигона,Капнист,4,Tragedy,5,2,5,0.664354367388619,,0.563165217638016,0.546742049356302,,9,0,6,12,0,355.592592592593,27,33.3333333333333,0,22.2222222222222,44.4444444444444,0
197,1810,Антигона,Капнист,5,Tragedy,5,2,5,0.663846038281918,0.941689193248749,0.733496743771765,0.66229020886951,,4,1,18,9,0,358.96875,32,12.5,3.125,56.25,28.125,0
198,1810,"Вельзен, или освобожденная Голландия",Глинка,1,Tragedy,17,1,5,0.743166384371844,0.681940078735352,0.671266502141953,0.549347145689858,,11,1,10,9,0,245.322580645161,31,35.4838709677419,3.2258064516129,32.258064516129,29.0322580645161,0
199,1810,"Вельзен, или освобожденная Голландия",Глинка,2,Tragedy,17,1,5,0.862365904607271,0.475370511412621,0.750243473052979,0.634512833186558,,19,2,15,14,0,192.4,50,38,4,30,28,0
200,1810,"Вельзен, или освобожденная Голландия",Глинка,3,Tragedy,17,1,5,0.758640052080154,0.734009186426799,0.862116275089128,0.625365325382778,,25,3,14,35,0,206.896103896104,77,32.4675324675325,3.8961038961039,18.1818181818182,45.4545454545455,0
201,1810,"Вельзен, или освобожденная Голландия",Глинка,4,Tragedy,17,1,5,0.686498280833749,0.810884247223536,0.749005072883197,0.687029139200846,,17,3,14,15,0,176,49,34.6938775510204,6.12244897959184,28.5714285714286,30.6122448979592,0
202,1810,"Вельзен, или освобожденная Голландия",Глинка,5,Tragedy,17,1,5,0.724406376481056,0.834181462015424,0.767801016569138,0.602882793545723,,16,7,9,20,0,158.442307692308,52,30.7692307692308,13.4615384615385,17.3076923076923,38.4615384615385,0
207,1810,Пустодомы,Шаховской,1,Comedy,8,4,5,0.874925440215335,0.794430786371231,0.848840815239939,0.633866446358817,0.452355474233627,196,10,29,35,2,52.75,272,72.0588235294118,3.67647058823529,10.6617647058824,12.8676470588235,0.735294117647059
208,1810,Пустодомы,Шаховской,2,Comedy,8,4,5,0.868205216783349,0.905944900079207,0.828143523931503,0.680544450879097,0.932821532090505,186,33,50,26,3,43.7885906040268,298,62.4161073825503,11.0738255033557,16.7785234899329,8.7248322147651,1.00671140939597
209,1810,Пустодомы,Шаховской,3,Comedy,8,4,5,0.885816496693426,0.898556839674711,0.800279285344813,0.602404431572982,0.997820615768433,144,16,36,28,1,59.1111111111111,225,64,7.11111111111111,16,12.4444444444444,0.444444444444444
210,1810,Пустодомы,Шаховской,4,Comedy,8,4,5,0.873408280313015,0.810551234086355,0.778723084057371,0.597587078809738,,176,15,48,24,0,50.3384030418251,263,66.9201520912548,5.70342205323194,18.2509505703422,9.1254752851711,0
211,1810,Пустодомы,Шаховской,5,Comedy,8,4,5,0.853390489979614,0.846452040331704,0.779999714238303,0.61844526976347,0.74530428647995,139,14,35,20,2,60.6,210,66.1904761904762,6.66666666666667,16.6666666666667,9.52380952380952,0.952380952380952
215,1810,"Урок кокеткам, или липецкие воды",Шаховской,1,Comedy,8,3,5,0.859259045521418,0.863581185539564,0.764125620617586,0.638257423639298,0.742140263319016,75,12,17,25,2,113.93893129771,131,57.2519083969466,9.16030534351145,12.9770992366412,19.0839694656489,1.52671755725191
216,1810,"Урок кокеткам, или липецкие воды",Шаховской,2,Comedy,8,3,5,0.864035549781305,0.845575747581629,0.816084705080305,0.664416190825011,0.748961309591929,139,26,35,38,3,68.4813278008299,241,57.6763485477178,10.7883817427386,14.5228215767635,15.7676348547718,1.2448132780083
217,1810,"Урок кокеткам, или липецкие воды",Шаховской,3,Comedy,8,3,5,0.842514429022284,0.847945403793584,0.827910918565024,0.63900817305811,0.896931389967601,170,23,42,31,3,62.546468401487,269,63.1970260223048,8.55018587360595,15.6133828996283,11.5241635687732,1.11524163568773
218,1810,"Урок кокеткам, или липецкие воды",Шаховской,4,Comedy,8,3,5,0.887257681578718,0.848226592654274,0.814113962407015,0.611565344756649,0.855265662074089,186,21,49,31,4,59.2577319587629,291,63.9175257731959,7.21649484536082,16.8384879725086,10.6529209621993,1.3745704467354
219,1810,"Урок кокеткам, или липецкие воды",Шаховской,5,Comedy,8,3,5,0.881023116965792,0.855991762876511,0.823582333035585,0.650211207410123,0.996935218572617,134,25,41,47,2,55.7309236947791,249,53.8152610441767,10.0401606425703,16.4658634538153,18.8755020080321,0.803212851405622
234,1820,Лукавин,Писарев,1,Comedy,10,2,5,0.83488887127708,0.850859977304936,0.745052888989449,0.660491234064102,0.890830397605896,85,8,18,35,1,82.952380952381,147,57.8231292517007,5.4421768707483,12.2448979591837,23.8095238095238,0.680272108843537
235,1820,Лукавин,Писарев,2,Comedy,10,2,5,0.830370844403903,0.821679309010506,0.738569586049943,0.674115910341865,0.964263290166855,90,14,21,38,2,75.7272727272727,165,54.5454545454545,8.48484848484849,12.7272727272727,23.030303030303,1.21212121212121
236,1820,Лукавин,Писарев,3,Comedy,10,2,5,0.836699352020354,0.846469839413961,0.789445829802546,0.653124790037832,0.815258741378784,127,18,29,31,1,60.6699029126214,206,61.6504854368932,8.7378640776699,14.0776699029126,15.0485436893204,0.485436893203883
237,1820,Лукавин,Писарев,4,Comedy,10,2,5,0.858979792557946,0.800043676048517,0.794335800409317,0.697341222895516,,129,16,40,45,0,60.4695652173913,230,56.0869565217391,6.95652173913044,17.3913043478261,19.5652173913044,0
238,1820,Лукавин,Писарев,5,Comedy,10,2,5,0.857475265860558,0.812764510512352,0.809091971679167,0.65228994119735,0.785148064295451,102,16,33,21,3,52.8,175,58.2857142857143,9.14285714285714,18.8571428571429,12,1.71428571428571
244,1830,Menschen und Leidenschaften,Лермонтов,1,Tragedy,6,5,5,0.818326119242645,0.830540364438837,0.766500070691109,0.641278951256364,0.801826963822047,41,11,20,27,3,147.901960784314,102,40.1960784313726,10.7843137254902,19.6078431372549,26.4705882352941,2.94117647058824
245,1830,Menschen und Leidenschaften,Лермонтов,2,Tragedy,6,5,5,0.815951610987003,0.730992265045643,0.788804116348426,0.657854924147779,,39,8,24,22,0,167.150537634409,93,41.9354838709677,8.60215053763441,25.8064516129032,23.6559139784946,0
246,1830,Menschen und Leidenschaften,Лермонтов,3,Tragedy,6,5,5,0.920553357512863,0.81542643904686,0.772889199080291,0.58729616800944,,27,4,27,12,0,198.028571428571,70,38.5714285714286,5.71428571428571,38.5714285714286,17.1428571428571,0
247,1830,Menschen und Leidenschaften,Лермонтов,4,Tragedy,6,5,5,0.816624031491476,0.764393717050552,0.770159546108473,0.636754639838871,,73,9,42,19,0,134.657342657343,143,51.0489510489511,6.29370629370629,29.3706293706294,13.2867132867133,0
248,1830,Menschen und Leidenschaften,Лермонтов,5,Tragedy,6,5,5,0.830761603906121,0.920631732259478,0.867525411976708,0.663153201341629,0.415518134832382,71,7,54,23,1,120.634615384615,156,45.5128205128205,4.48717948717949,34.6153846153846,14.7435897435897,0.641025641025641
253,1830,Ревизор,Гоголь,1,Comedy,22,8,5,0.841093999147415,0.86481699347496,0.775120259477542,0.668058967048472,0.640818119049072,90,2,26,11,1,164.223076923077,130,69.2307692307692,1.53846153846154,20,8.46153846153846,0.769230769230769
254,1830,Ревизор,Гоголь,2,Comedy,22,8,5,0.840002970809632,0.780580917994181,0.854368843138218,0.632074929773808,0.851432217018945,94,6,28,8,7,122.055944055944,143,65.7342657342657,4.1958041958042,19.5804195804196,5.59440559440559,4.8951048951049
255,1830,Ревизор,Гоголь,3,Comedy,22,8,5,0.863988906455537,0.899239231710849,0.855180125487478,0.640456516827856,0.846393138170242,96,23,19,28,4,124.052941176471,170,56.4705882352941,13.5294117647059,11.1764705882353,16.4705882352941,2.35294117647059
256,1830,Ревизор,Гоголь,4,Comedy,22,8,5,0.869798332780272,0.858976760879159,0.738029950261116,0.599737901240587,0.707064747810364,182,32,50,40,9,86.6230031948882,313,58.14696485623,10.223642172524,15.9744408945687,12.779552715655,2.87539936102236
257,1830,Ревизор,Гоголь,5,Comedy,22,8,5,0.840184950958128,0.764935558040937,0.854326770261482,0.617377174171535,0.981426813772747,92,12,27,22,14,109.167664670659,167,55.0898203592814,7.18562874251497,16.1676646706587,13.1736526946108,8.38323353293413
286,1850,Бедная невеста,Островский,1,Comedy,10,17,5,0.842014828004128,0.756668493151665,0.824685129523277,0.643515386364677,0.911679282784462,121,20,30,44,4,110.383561643836,219,55.2511415525114,9.1324200913242,13.6986301369863,20.0913242009132,1.82648401826484
287,1850,Бедная невеста,Островский,2,Comedy,10,17,5,0.895696220950707,0.861769791841507,0.816904420653979,0.644953846000135,0.828772336244583,179,25,48,32,4,80.5347222222222,288,62.1527777777778,8.68055555555556,16.6666666666667,11.1111111111111,1.38888888888889
288,1850,Бедная невеста,Островский,3,Comedy,10,17,5,0.856127132794687,0.884919509291649,0.811350980801369,0.635161590169777,0.647168427705765,112,22,67,44,3,102.133064516129,248,45.1612903225806,8.87096774193548,27.0161290322581,17.741935483871,1.20967741935484
289,1850,Бедная невеста,Островский,4,Comedy,10,17,5,0.875226167408196,0.805031363169352,0.853438692859241,0.595553199450175,0.880055407683055,111,15,70,33,3,96.7155172413793,232,47.8448275862069,6.46551724137931,30.1724137931035,14.2241379310345,1.29310344827586
290,1850,Бедная невеста,Островский,5,Comedy,10,17,5,0.867353346913752,0.829040278991064,0.824414530526037,0.629974621348083,0.831902316638402,99,15,23,32,7,91.6193181818182,176,56.25,8.52272727272727,13.0681818181818,18.1818181818182,3.97727272727273
303,1850,Гроза,Островский,1,NotStated,19,9,5,0.831610471010208,0.809628508488337,0.810651153888343,0.586649796541999,0.796965420246124,108,15,53,34,3,103.244131455399,213,50.7042253521127,7.04225352112676,24.8826291079812,15.962441314554,1.40845070422535
304,1850,Гроза,Островский,2,NotStated,19,9,5,0.85241653228348,0.680259414017201,0.744912951400406,0.650554236769676,0.375762403011322,88,4,38,20,1,88.0397350993378,151,58.2781456953642,2.64900662251656,25.1655629139073,13.2450331125828,0.662251655629139
305,1850,Гроза,Островский,4,NotStated,19,9,5,0.858895959598678,0.796170241302914,0.870941833807872,0.570238849946431,,70,9,26,14,0,84.0924369747899,119,58.8235294117647,7.56302521008403,21.8487394957983,11.7647058823529,0
306,1850,Гроза,Островский,5,NotStated,19,9,5,0.872421142778226,0.937632903456688,0.772511166334152,0.583416777849197,0.761513402064641,56,4,30,20,3,96.4601769911505,113,49.5575221238938,3.53982300884956,26.5486725663717,17.6991150442478,2.65486725663717
307,1850,Доходное место,Островский,1,Comedy,11,5,5,0.852439345625358,0.893550762108394,0.861264375123111,0.620810537040234,0.976358324289322,123,14,33,20,2,109.833333333333,192,64.0625,7.29166666666667,17.1875,10.4166666666667,1.04166666666667
308,1850,Доходное место,Островский,2,Comedy,11,5,5,0.851693459555634,0.825128046905293,0.792495742865971,0.620920106768608,0.968547701835632,117,17,35,26,1,110.428571428571,196,59.6938775510204,8.6734693877551,17.8571428571429,13.265306122449,0.510204081632653
309,1850,Доходное место,Островский,3,Comedy,11,5,5,0.820094866915183,0.776449598371983,0.820012324235656,0.56577471892039,0.739089926083883,110,16,22,18,3,78.508875739645,169,65.0887573964497,9.46745562130178,13.0177514792899,10.6508875739645,1.77514792899408
310,1850,Доходное место,Островский,4,Comedy,11,5,5,0.878834621193483,0.882819273892571,0.826721998582403,0.591847607583711,0.73612654209137,97,17,83,33,5,108.863829787234,235,41.2765957446809,7.23404255319149,35.3191489361702,14.0425531914894,2.12765957446809
311,1850,Доходное место,Островский,5,Comedy,11,5,5,0.841270372552692,0.862123817205429,0.887448167359388,0.523709234264162,0.729044407606125,53,2,27,9,2,168.537634408602,93,56.989247311828,2.1505376344086,29.0322580645161,9.67741935483871,2.1505376344086
315,1850,Месяц в деревне,Тургенев,1,Comedy,8,5,5,0.880262829331369,0.883327783644199,0.802821429239379,0.670741213219506,0.882990429798762,233,20,36,35,6,71.2545454545455,330,70.6060606060606,6.06060606060606,10.9090909090909,10.6060606060606,1.81818181818182
316,1850,Месяц в деревне,Тургенев,2,Comedy,8,5,5,0.891245505591827,0.842119424239449,0.776971253156662,0.722249514857928,0.769935207707541,268,23,50,30,7,78.6640211640212,378,70.8994708994709,6.08465608465609,13.2275132275132,7.93650793650794,1.85185185185185
317,1850,Месяц в деревне,Тургенев,3,Comedy,8,5,5,0.881288419569935,0.777947084605694,0.822285722692808,0.597369196159499,0.829802429676056,222,20,60,14,5,108.283489096573,321,69.1588785046729,6.23052959501558,18.6915887850467,4.3613707165109,1.55763239875389
318,1850,Месяц в деревне,Тургенев,4,Comedy,8,5,5,0.887141446934806,0.895637969175975,0.794453464924021,0.635878875851631,0.614789068698883,135,6,47,14,1,138.029556650246,203,66.5024630541872,2.95566502463054,23.1527093596059,6.89655172413793,0.492610837438424
319,1850,Месяц в деревне,Тургенев,5,Comedy,8,5,5,0.899543544072755,0.864873500970694,0.764406900656851,0.572288079559803,0.854220455884933,191,26,38,20,10,85.1157894736842,285,67.0175438596491,9.12280701754386,13.3333333333333,7.01754385964912,3.50877192982456
327,1850,Нелюдимка,Ростопчина,1,NotStated,9,3,5,0.810354135159789,0.932040345668793,0.819069242791126,0.624495380755627,0.94380122423172,58,5,19,33,2,173.179487179487,117,49.5726495726496,4.27350427350427,16.2393162393162,28.2051282051282,1.70940170940171
328,1850,Нелюдимка,Ростопчина,2,NotStated,9,3,5,0.823795685172081,0.816543269615907,0.767767465114594,0.697154361577261,0.53977358341217,70,13,30,42,1,165.455128205128,156,44.8717948717949,8.33333333333333,19.2307692307692,26.9230769230769,0.641025641025641
329,1850,Нелюдимка,Ростопчина,3,NotStated,9,3,5,0.862964546238935,0.672362546126048,0.833318728208542,0.644656018777327,0.426743015646935,54,3,10,11,2,203.95,80,67.5,3.75,12.5,13.75,2.5
330,1850,Нелюдимка,Ростопчина,4,NotStated,9,3,5,0.780499580715384,0.746320188045502,0.743367907248045,0.643880622461438,,28,6,19,16,0,205.144927536232,69,40.5797101449275,8.69565217391304,27.536231884058,23.1884057971015,0
331,1850,Нелюдимка,Ростопчина,5,NotStated,9,3,5,0.775977098423502,0.777345448732376,0.802431193987529,0.671757582161162,0.82624676823616,23,6,15,18,2,180.09375,64,35.9375,9.375,23.4375,28.125,3.125
354,1860,Воевода (Сон на Волге),Островский,2,Comedy,50,10,5,0.846314864649492,0.816592935058806,0.74192803000149,0.648098668787214,0.883374750614166,85,9,19,45,3,116.310559006211,161,52.7950310559006,5.59006211180124,11.8012422360248,27.9503105590062,1.86335403726708
355,1860,Воевода (Сон на Волге),Островский,3,Comedy,50,10,5,0.847871268141097,0.490704168876012,0.678158980149489,0.663344860076904,0.990610301494598,69,3,13,28,2,82.9739130434783,115,60,2.60869565217391,11.304347826087,24.3478260869565,1.73913043478261
356,1860,Воевода (Сон на Волге),Островский,4,Comedy,50,10,5,0.831410519778729,0.961745083332062,0.746980066482837,0.607378887502771,0.73088800162077,100,1,13,19,4,98.9124087591241,137,72.992700729927,0.72992700729927,9.48905109489051,13.8686131386861,2.91970802919708
357,1860,Воевода (Сон на Волге),Островский,5,Comedy,50,10,5,0.849756860182065,0.685229599475861,0.705658201873302,0.658325184583664,0.816124528646469,119,4,20,25,3,79.7076023391813,171,69.5906432748538,2.33918128654971,11.6959064327485,14.6198830409357,1.75438596491228
358,1860,Горячее сердце,Островский,1,Comedy,17,2,5,0.852919776446936,0.782063212245703,0.762382870003329,0.60868204832077,,164,8,59,35,0,76.7293233082707,266,61.6541353383459,3.00751879699248,22.1804511278196,13.1578947368421,0
359,1860,Горячее сердце,Островский,2,Comedy,17,2,5,0.851359259533255,0.873243340424129,0.751746254617518,0.624827631421991,0.89689376950264,152,7,55,37,2,83.9288537549407,253,60.0790513833992,2.76679841897233,21.7391304347826,14.6245059288538,0.790513833992095
360,1860,Горячее сердце,Островский,3,Comedy,17,2,5,0.811719109144437,0.768638620773951,0.796420801348156,0.632539415732026,0.752294145524502,169,3,45,32,8,77.4163424124514,257,65.7587548638132,1.16731517509728,17.5097276264591,12.4513618677043,3.11284046692607
361,1860,Горячее сердце,Островский,5,Comedy,17,2,5,0.873705183007136,0.682179618626833,0.708324340673593,0.616610374479067,0.559401611487071,119,8,26,42,3,80.7474747474748,198,60.1010101010101,4.04040404040404,13.1313131313131,21.2121212121212,1.51515151515152
363,1860,Дело,Сухово-Кобылин,1,NotStated,18,2,5,0.871430784998453,0.867526666684584,0.837438015834145,0.633453179840688,0.835422318842676,223,11,46,54,18,94.2471590909091,352,63.3522727272727,3.125,13.0681818181818,15.3409090909091,5.11363636363636
364,1860,Дело,Сухово-Кобылин,2,NotStated,18,2,5,0.868327374578616,0.808681301772595,0.790378541559786,0.615860522724688,0.95176237821579,218,8,37,32,1,73.7060810810811,296,73.6486486486487,2.7027027027027,12.5,10.8108108108108,0.337837837837838
365,1860,Дело,Сухово-Кобылин,3,NotStated,18,2,5,0.861283836254464,0.828477181494236,0.742099176160991,0.632451290145834,,227,12,64,47,0,81.1828571428572,350,64.8571428571429,3.42857142857143,18.2857142857143,13.4285714285714,0
366,1860,Дело,Сухово-Кобылин,4,NotStated,18,2,5,0.866024408112751,0.82463663816452,0.72941832165969,0.645623707109027,,89,7,19,18,0,65.6240601503759,133,66.9172932330827,5.26315789473684,14.2857142857143,13.5338345864662,0
367,1860,Дело,Сухово-Кобылин,5,NotStated,18,2,5,0.836054008598476,0.741689711809158,0.721501417850193,0.623165222651818,0.854488551616669,129,13,38,34,1,79.2279069767442,215,60,6.04651162790698,17.6744186046512,15.8139534883721,0.465116279069767
373,1860,На всякого мудреца довольно простоты,Островский,1,Comedy,9,7,5,0.894269652664661,0.847899950212903,0.843390273196357,0.635188345398222,0.736861358086268,172,9,35,14,6,68.0423728813559,236,72.8813559322034,3.8135593220339,14.8305084745763,5.93220338983051,2.54237288135593
374,1860,На всякого мудреца довольно простоты,Островский,2,Comedy,9,7,5,0.859748938326108,0.85245230623654,0.733277072906494,0.621764773414249,0.870853284994761,177,35,25,21,9,82.6217228464419,267,66.2921348314607,13.1086142322097,9.36329588014981,7.86516853932584,3.37078651685393
375,1860,На всякого мудреца довольно простоты,Островский,3,Comedy,9,7,5,0.873619930266024,0.787276873534376,0.807699547759418,0.602519592818092,0.916868209838867,182,22,29,17,4,68.1338582677165,254,71.6535433070866,8.66141732283465,11.4173228346457,6.69291338582677,1.5748031496063
376,1860,На всякого мудреца довольно простоты,Островский,5,Comedy,9,7,5,0.889558979533088,0.925728191932043,0.73943996743152,0.608124653498332,0.69842400153478,142,6,19,12,3,92.5934065934066,182,78.021978021978,3.2967032967033,10.4395604395604,6.59340659340659,1.64835164835165
379,1860,Расточитель,Лесков,1,NotStated,24,7,5,0.844037039992736,0.748034715652466,0.789327862007277,0.633504756996709,0.802957952022553,97,3,42,31,1,145.775862068966,174,55.7471264367816,1.72413793103448,24.1379310344828,17.816091954023,0.574712643678161
380,1860,Расточитель,Лесков,2,NotStated,24,7,5,0.842969744626818,0.872076193491618,0.803560146795852,0.62776599879618,0.945799738168716,116,6,56,27,2,159.671497584541,207,56.0386473429952,2.89855072463768,27.0531400966184,13.0434782608696,0.966183574879227
381,1860,Расточитель,Лесков,3,NotStated,24,7,5,0.842448434073054,0.850241975350814,0.760405024938416,0.614499506950379,0.834163308143616,167,11,57,25,6,113.992481203008,266,62.7819548872181,4.13533834586466,21.4285714285714,9.3984962406015,2.25563909774436
382,1860,Расточитель,Лесков,4,NotStated,24,7,5,0.813304499439571,0.805749674638112,0.817339109049903,0.630115441185363,0.941768729686737,115,12,45,47,5,133.629464285714,224,51.3392857142857,5.35714285714286,20.0892857142857,20.9821428571429,2.23214285714286
383,1860,Расточитель,Лесков,5,NotStated,24,7,5,0.849102355224986,0.832194934288661,0.787293378677633,0.714724988621824,0.692197114229202,71,6,36,34,2,108.973154362416,149,47.6510067114094,4.02684563758389,24.1610738255034,22.8187919463087,1.34228187919463
385,1860,Смерть Иоанна Грозного,Толстой,1,Tragedy,62,5,5,0.789571600484437,0.699581444263458,0.743276471538203,0.595620991410436,0.399837255477905,116,2,28,37,1,127.657608695652,184,63.0434782608696,1.08695652173913,15.2173913043478,20.1086956521739,0.543478260869565
386,1860,Смерть Иоанна Грозного,Толстой,2,Tragedy,62,5,5,0.809333257701086,0.833367119232814,0.69422909617424,0.588338273136239,0.677178758382797,92,6,10,19,5,107.856060606061,132,69.6969696969697,4.54545454545455,7.57575757575758,14.3939393939394,3.78787878787879
387,1860,Смерть Иоанна Грозного,Толстой,3,Tragedy,62,5,5,0.781191478922682,0.673317760229111,0.75745092253936,0.585775144398212,0.972779452800751,53,2,19,28,1,124.203883495146,103,51.4563106796117,1.94174757281553,18.4466019417476,27.1844660194175,0.970873786407767
388,1860,Смерть Иоанна Грозного,Толстой,4,Tragedy,62,5,5,0.804569891011211,,0.765336722135544,0.629750407338142,0.580457866191864,142,0,50,50,1,100.917695473251,243,58.4362139917696,0,20.5761316872428,20.5761316872428,0.411522633744856
389,1860,Смерть Иоанна Грозного,Толстой,5,Tragedy,62,5,5,0.841405508593774,0.82992532187038,0.713476793124126,0.630917906761169,0.49910036722819,142,9,26,45,3,79.4488888888889,225,63.1111111111111,4,11.5555555555556,20,1.33333333333333
399,1860,Царь Фёдор Иоаннович,Толстой,1,Tragedy,60,7,5,0.795016516338695,0.7073894739151,0.711475118001302,0.675598813542004,0.808449302400861,66,2,15,29,7,91.7058823529412,119,55.4621848739496,1.68067226890756,12.6050420168067,24.3697478991597,5.88235294117647
400,1860,Царь Фёдор Иоаннович,Толстой,2,Tragedy,60,7,5,0.799688969914978,0.728104799985886,0.719415277242661,0.632183587686582,0.845069253444672,111,2,11,44,5,122.872832369942,173,64.1618497109827,1.15606936416185,6.35838150289017,25.4335260115607,2.89017341040462
401,1860,Царь Фёдор Иоаннович,Толстой,3,Tragedy,60,7,5,0.837675402186952,0.804908899160532,0.788053005285885,0.63799960911274,0.695755124092102,212,13,46,44,1,74.623417721519,316,67.0886075949367,4.11392405063291,14.5569620253165,13.9240506329114,0.316455696202532
402,1860,Царь Фёдор Иоаннович,Толстой,4,Tragedy,60,7,5,0.783861657518607,0.531929304202398,0.739409816952852,0.685033242935422,0.515392661094666,130,9,26,87,1,82.6600790513834,253,51.3833992094862,3.55731225296443,10.2766798418972,34.3873517786561,0.395256916996047
403,1860,Царь Фёдор Иоаннович,Толстой,5,Tragedy,60,7,5,0.81667900159955,0.455022782087326,0.751754955811934,0.650660322535606,0.616310343146324,80,1,11,42,2,93.3161764705882,136,58.8235294117647,0.735294117647059,8.08823529411765,30.8823529411765,1.47058823529412
413,1870,Бешеные деньги,Островский,1,Comedy,7,2,5,0.903763630075158,0.859664578186838,0.725896914800008,0.607813672107809,0.875686177185604,193,19,30,17,7,69.7406015037594,266,72.5563909774436,7.14285714285714,11.2781954887218,6.39097744360902,2.63157894736842
414,1870,Бешеные деньги,Островский,2,Comedy,7,2,5,0.889417374309372,0.800972610712051,0.80541246561777,0.565895748989923,0.813214123249054,170,20,42,14,5,89.9561752988048,251,67.7290836653386,7.96812749003984,16.7330677290837,5.57768924302789,1.99203187250996
415,1870,Бешеные деньги,Островский,3,Comedy,7,2,5,0.857868840119669,0.8555537752415,0.811501239475451,0.666019422667367,0.932126661141714,168,38,38,21,3,75.9029850746269,268,62.6865671641791,14.1791044776119,14.1791044776119,7.83582089552239,1.11940298507463
416,1870,Бешеные деньги,Островский,4,Comedy,7,2,5,0.849355720535473,0.781824491918087,0.791571526816397,0.613051629879258,0.9013731777668,108,12,33,22,2,96.3785310734463,177,61.0169491525424,6.77966101694915,18.6440677966102,12.4293785310735,1.12994350282486
417,1870,Бешеные деньги,Островский,5,Comedy,7,2,5,0.880286611570335,0.839463136412881,0.858950411900878,0.613906737416983,,161,11,48,32,0,98.484126984127,252,63.8888888888889,4.36507936507937,19.0476190476191,12.6984126984127,0
422,1870,Волки и овцы,Островский,1,Comedy,14,4,5,0.853662690695594,0.698120191693306,0.786123242840838,0.655713735545268,0.89990406566196,289,14,67,61,9,70.6090909090909,440,65.6818181818182,3.18181818181818,15.2272727272727,13.8636363636364,2.04545454545455
423,1870,Волки и овцы,Островский,2,Comedy,14,4,5,0.897600873790938,0.790969693412383,0.805746331810951,0.704185210996204,0.894445586204529,203,24,34,27,5,71.2389078498294,293,69.283276450512,8.19112627986348,11.6040955631399,9.21501706484642,1.70648464163823
424,1870,Волки и овцы,Островский,3,Comedy,14,4,5,0.871971769508345,0.857545502483845,0.811215040026879,0.628792138713779,0.801245242357254,231,20,49,33,4,63.8486646884273,337,68.5459940652819,5.93471810089021,14.540059347181,9.79228486646884,1.18694362017804
425,1870,Волки и овцы,Островский,4,Comedy,14,4,5,0.90141765781351,0.78484853108724,0.828541839376409,0.622302974645908,0.571158850193024,185,12,47,13,5,68.2977099236641,262,70.6106870229008,4.58015267175573,17.9389312977099,4.9618320610687,1.90839694656489
426,1870,Волки и овцы,Островский,5,Comedy,14,4,5,0.860550861963084,0.700945258140564,0.814270283336993,0.563456136495509,0.831417138639249,213,13,54,47,19,70.3901734104046,346,61.5606936416185,3.75722543352601,15.606936416185,13.5838150289017,5.49132947976879
427,1870,Лес,Островский,1,Comedy,9,3,5,0.865103132128716,0.857205301523209,0.838495204846064,0.629998380387271,0.732339680194855,200,15,42,27,4,82.4201388888889,288,69.4444444444444,5.20833333333333,14.5833333333333,9.375,1.38888888888889
428,1870,Лес,Островский,2,Comedy,9,3,5,0.84054157222217,0.726461797952652,0.782535295073803,0.615314595756077,0.984681487083435,106,4,26,21,2,99.5408805031447,159,66.6666666666667,2.51572327044025,16.3522012578616,13.2075471698113,1.25786163522013
429,1870,Лес,Островский,3,Comedy,9,3,5,0.862316254032664,0.80996343990167,0.762499253360593,0.567010406313873,0.871128678321838,249,24,49,41,9,60.4381720430108,372,66.9354838709677,6.45161290322581,13.1720430107527,11.0215053763441,2.41935483870968
430,1870,Лес,Островский,4,Comedy,9,3,5,0.869488837308442,0.817713718001659,0.839276751646629,0.583717246140753,0.888069808483124,151,26,65,42,1,78.8736842105263,285,52.9824561403509,9.12280701754386,22.8070175438597,14.7368421052632,0.350877192982456
431,1870,Лес,Островский,5,Comedy,9,3,5,0.85530539456269,0.82514061081794,0.809099417179823,0.626539428059648,0.812791966474973,184,31,48,41,13,83.6624605678234,317,58.0441640378549,9.77917981072555,15.1419558359622,12.9337539432177,4.10094637223975
436,1870,Последняя жертва,Островский,1,Comedy,17,5,5,0.840714676701343,0.802753478288651,0.782983567622992,0.622912413087384,0.88912810087204,193,18,65,29,5,92.0096774193548,310,62.258064516129,5.80645161290323,20.9677419354839,9.35483870967742,1.61290322580645
437,1870,Последняя жертва,Островский,2,Comedy,17,5,5,0.848842481606536,0.856402340389433,0.814109815133585,0.555805829664071,0.817153677344322,180,21,37,24,4,79.8721804511278,266,67.6691729323308,7.89473684210526,13.9097744360902,9.02255639097744,1.50375939849624
438,1870,Последняя жертва,Островский,3,Comedy,17,5,5,0.888659890617756,0.878950139990559,0.819607303788265,0.584053241154727,0.936526298522949,302,27,48,34,6,59.537170263789,417,72.4220623501199,6.47482014388489,11.5107913669065,8.15347721822542,1.43884892086331
439,1870,Последняя жертва,Островский,4,Comedy,17,5,5,0.85749795485516,0.91338501068262,0.826778837790092,0.567331184943517,0.519204139709473,147,13,48,18,1,77.5330396475771,227,64.7577092511013,5.72687224669604,21.1453744493392,7.9295154185022,0.440528634361234
440,1870,Последняя жертва,Островский,5,Comedy,17,5,5,0.882966977419313,0.797975133572306,0.804080327542929,0.617877097690807,0.675380200147629,194,14,52,17,4,67.8078291814947,281,69.0391459074733,4.98220640569395,18.5053380782918,6.04982206405694,1.42348754448399
442,1870,Снегурочка,Островский,1,NotStated,19,7,5,0.797413249428456,0.79163008928299,0.785047932781956,0.676954892965464,0.670637905597687,104,10,44,52,1,93.8578199052133,211,49.2890995260664,4.739336492891,20.8530805687204,24.6445497630332,0.4739336492891
443,1870,Снегурочка,Островский,2,NotStated,19,7,5,0.849362235712378,0.842450771066878,0.721595082680384,0.668699531785904,0.888259887695313,76,9,15,31,7,134.673913043478,138,55.072463768116,6.52173913043478,10.8695652173913,22.463768115942,5.07246376811594
444,1870,Снегурочка,Островский,3,NotStated,19,7,5,0.801663383327681,0.789684306491505,0.732043766058408,0.660043930262327,0.560845792293549,29,11,13,40,2,150.378947368421,95,30.5263157894737,11.5789473684211,13.6842105263158,42.1052631578947,2.10526315789474
445,1870,Снегурочка,Островский,4,NotStated,19,7,5,0.604573097079992,0.827673298617204,0.822290256619453,0.6960240483284,,8,12,4,20,0,204.863636363636,44,18.1818181818182,27.2727272727273,9.09090909090909,45.4545454545455,0
450,1870,Царь Борис,Толстой,1,Tragedy,81,11,5,0.804993326334577,0.820072066783905,0.848069879141721,0.639241905406464,0.798941940069199,76,10,11,43,6,183.479452054795,146,52.0547945205479,6.84931506849315,7.53424657534247,29.4520547945206,4.10958904109589
451,1870,Царь Борис,Толстой,2,Tragedy,81,11,5,0.803139723561428,0.803119270006816,0.700080466621062,0.620053297174828,0.801752169926961,162,15,17,56,3,88.9762845849802,253,64.0316205533597,5.92885375494071,6.71936758893281,22.1343873517787,1.18577075098814
452,1870,Царь Борис,Толстой,3,Tragedy,81,11,5,0.812944775738684,0.761584629615148,0.789969421350039,0.557784060637156,0.910215020179749,147,6,39,33,1,109.411504424779,226,65.0442477876106,2.65486725663717,17.2566371681416,14.6017699115044,0.442477876106195
453,1870,Царь Борис,Толстой,4,Tragedy,81,11,5,0.832286075882192,0.718804651498795,0.858862306132461,0.58456906964702,0.742520272731781,106,5,33,31,1,92.5397727272727,176,60.2272727272727,2.84090909090909,18.75,17.6136363636364,0.568181818181818
454,1870,Царь Борис,Толстой,5,Tragedy,81,11,5,0.796718814993292,0.837913119130664,0.769772601127625,0.611253863886783,0.802930380616869,123,9,40,38,7,71.7373271889401,217,56.6820276497696,4.14746543778802,18.4331797235023,17.5115207373272,3.2258064516129
459,1880,"Власть тьмы, или 'коготок увяз, всей птичке пропасть'",Толстой,1,NotStated,11,12,5,0.838796765037945,0.938863903284073,0.817316469091636,0.617807756881325,,140,2,52,49,0,87.5925925925926,243,57.6131687242798,0.823045267489712,21.3991769547325,20.1646090534979,0
460,1880,"Власть тьмы, или 'коготок увяз, всей птичке пропасть'",Толстой,2,NotStated,11,12,5,0.839313098331438,0.989313691854477,0.805552754799525,0.658281908529561,0.628767341375351,137,2,45,41,3,66.8377192982456,228,60.0877192982456,0.87719298245614,19.7368421052632,17.9824561403509,1.31578947368421
461,1880,"Власть тьмы, или 'коготок увяз, всей птичке пропасть'",Толстой,3,NotStated,11,12,5,0.853652626953342,0.767410680651665,0.79661132143094,0.660013192892075,0.622775018215179,132,6,65,60,1,71.9090909090909,264,50,2.27272727272727,24.6212121212121,22.7272727272727,0.378787878787879
462,1880,"Власть тьмы, или 'коготок увяз, всей птичке пропасть'",Толстой,4,NotStated,11,12,5,0.803554126494367,0.713978922367096,0.803435893922017,0.666480422019959,,71,5,29,30,0,77.9925925925926,135,52.5925925925926,3.7037037037037,21.4814814814815,22.2222222222222,0
531,1900,Павел первый,Мережковский,1,Tragedy,75,7,5,0.865107180486465,0.846717866028056,0.757093242081729,0.631307853706952,0.738033249974251,116,17,55,29,6,81.9372197309417,223,52.0179372197309,7.62331838565022,24.6636771300448,13.0044843049327,2.69058295964126
532,1900,Павел первый,Мережковский,2,Tragedy,75,7,5,0.837488461990614,0.88756388425827,0.850618269098432,0.614541499000607,0.730717815458775,111,10,38,33,4,78.5408163265306,196,56.6326530612245,5.10204081632653,19.3877551020408,16.8367346938776,2.04081632653061
533,1900,Павел первый,Мережковский,3,Tragedy,75,7,5,0.885617945142972,0.665631883419477,0.847878966618467,0.609834072490533,0.702895358204842,186,13,54,36,4,66.9522184300341,293,63.481228668942,4.43686006825939,18.4300341296928,12.2866894197952,1.36518771331058
534,1900,Павел первый,Мережковский,4,Tragedy,75,7,5,0.867567592792297,0.773770184980498,0.841899750837639,0.663678219405616,0.98277086019516,178,18,67,41,1,73.4426229508197,305,58.3606557377049,5.9016393442623,21.9672131147541,13.4426229508197,0.327868852459016
535,1900,Павел первый,Мережковский,5,Tragedy,75,7,5,0.802675236890346,0.900805984934171,0.774305384333541,0.635367319583893,0.855324417352676,162,12,41,25,2,60.9876033057851,242,66.9421487603306,4.95867768595041,16.9421487603306,10.3305785123967,0.826446280991736
557,1910,Не убий,Андреев,1,NotStated,14,9,5,0.861336843556717,0.864927208051086,0.803636929988861,0.658155467982094,0.971707284450531,119,16,50,48,1,101.98717948718,234,50.8547008547009,6.83760683760684,21.3675213675214,20.5128205128205,0.427350427350427
558,1910,Не убий,Андреев,2,NotStated,14,9,5,0.832551160938719,0.896199416030537,0.836821625972616,0.645908908146184,0.761638306081295,117,11,29,41,4,113.495049504951,202,57.9207920792079,5.44554455445545,14.3564356435644,20.2970297029703,1.98019801980198
559,1910,Не убий,Андреев,3,NotStated,14,9,5,0.818974091248079,0.835158900781111,0.713022265831629,0.672592561691999,0.83458024263382,66,11,15,24,4,115.45,120,55,9.16666666666667,12.5,20,3.33333333333333
560,1910,Не убий,Андреев,4,NotStated,14,9,5,0.890878301184132,0.757700756192207,0.80199957658083,0.661354585488637,,106,4,39,45,0,63.1134020618557,194,54.639175257732,2.06185567010309,20.1030927835052,23.1958762886598,0
561,1910,Не убий,Андреев,5,NotStated,14,9,5,0.812290336762633,0.780938751557294,0.77389007475641,0.606185959279537,0.805737406015396,107,17,27,40,3,95.3041237113402,194,55.1546391752577,8.76288659793814,13.9175257731959,20.6185567010309,1.54639175257732
562,1910,Ревность,Арцыбашев,1,NotStated,8,3,5,0.825156680648289,0.830450615712575,0.79895862019979,0.70066384579006,0.835963010787964,126,14,39,114,2,92.5694915254237,295,42.7118644067797,4.74576271186441,13.2203389830509,38.6440677966102,0.677966101694915
563,1910,Ревность,Арцыбашев,2,NotStated,8,3,5,0.822083193024522,0.833497865125537,0.798670827278069,0.692012835850661,0.775169402360916,152,16,56,87,6,63.5331230283912,317,47.9495268138801,5.04731861198738,17.6656151419558,27.4447949526814,1.89274447949527
564,1910,Ревность,Арцыбашев,3,NotStated,8,3,5,0.830585764249166,0.732919285694758,0.838266636068757,0.731197800122055,0.409238249063492,75,6,37,51,1,59.7823529411765,170,44.1176470588235,3.52941176470588,21.7647058823529,30,0.588235294117647
565,1910,Ревность,Арцыбашев,4,NotStated,8,3,5,0.807330930570387,0.795576250553131,0.795389930649502,0.697658616304398,0.696784655253092,106,5,41,65,3,103.963636363636,220,48.1818181818182,2.27272727272727,18.6363636363636,29.5454545454546,1.36363636363636
566,1910,Ревность,Арцыбашев,5,NotStated,8,3,5,0.793969439297188,0.830352649092674,0.825640009438738,0.681072049751514,,82,4,47,41,0,81.3333333333333,174,47.1264367816092,2.29885057471264,27.0114942528736,23.5632183908046,0
